,Brand,KG,Star Rating,Automation_Type,Warranty,RPM Max Speed,Price,Rating,Load_Type
0,IFB,9,5,Fully Automatic,4 Year,1400,"₹38,490",4.3,
1,IFB,6,5,Fully Automatic,4 Year,1000,"₹24,990",4.3,
2,Samsung,8,,Semi Automatic,2 year,1300,"₹11,890",4.4,Top Load
3,realme,7,5,Semi Automatic,2 Year,1400,"₹7,990",4.2,Top Load
4,realme,10,,Semi Automatic,2 Year,1300,"₹10,490",4.2,Top Load
5,InnoQ,8.5,,Fully Automatic,1 Year,1350,"₹4,890",4.1,
6,realme,7.5,5,Semi Automatic,2 Year,1400,"₹8,290",4.2,Top Load
7,IFB,7,5,Fully Automatic,4 Year,1200,"₹29,990",4.3,
8,Haier,6.5,,Fully Automatic,2 Year,800,"₹12,790",4.3,
9,MarQ,6,5,Semi Automatic,2 Year,1350,"₹6,990",4.3,Top Load
10,IFB,7,5,Fully Automatic,4 Year,1200,"₹28,278",4.3,
11,IFB,6.5,5,Fully Automatic,4 Year,1000,"₹26,195",4.3,
12,Voltas,6.5,,Semi Automatic,1 Year,1350,"₹7,790",4.3,Top Load
13,Haier,11,,Fully Automatic,3 year,1400,"₹59,990",4.3,
14,Samsung,9,5,Fully Automatic,2 Year,1400,"₹39,490",4.3,
15,Samsung,7,,Semi Automatic,2 year,1350,"₹10,490",4.4,Top Load
16,Samsung,7,,Fully Automatic,2 year,700,"₹16,580",4.3,Top Load
17,Haier,6.5,,Fully Automatic,2 Year,780,"₹12,990",4.3,
18,MarQ,7,5,Semi Automatic,2 Year,1350,"₹7,490",4.3,Top Load
19,Whirlpool,7.5,5,Semi Automatic,,1400,"₹11,590",4.4,
20,LG,7,5,Semi Automatic,2 Year,1350,"₹11,490",4.5,Top Load
21,Voltas,8.5,5,Semi Automatic,1 Year,1400,"₹10,976",4.3,Top Load
22,Voltas,6,,Semi Automatic,1 Year,1350,"₹7,490",4.3,Top Load
23,Whirlpool,10,,Semi Automatic,4 Year,1400,"₹14,690",4.4,Top Load
24,MOTOROLA,10,,Semi Automatic,2 Year,1350,"₹10,490",4.3,Top Load
25,Whirlpool,7,5,Semi Automatic,4 Year,1400,"₹10,100",4.4,Top Load
26,IFB,9,5,Fully Automatic,4 Year,1400,"₹38,490",4.3,
27,IFB,6,5,Fully Automatic,4 Year,1000,"₹24,990",4.3,
28,Whirlpool,8.5,5,Fully Automatic,4 Year,1400,"₹13,259",4.4,
29,MarQ,8,,Fully Automatic,2 Year,1350,"₹4,799",4.2,
30,IFB,7,5,Fully Automatic,4 Year,1200,"₹29,990",4.3,
31,IFB,7,5,Fully Automatic,4 Year,1200,"₹28,278",4.3,
32,Samsung,6.5,,Semi Automatic,2 year,1350,"₹9,490",4.4,Top Load
33,MarQ,10,,Semi Automatic,2 Year,1350,"₹10,190",4.3,Top Load
34,Haier,7,,Fully Automatic,2 Year,800,"₹13,990",4.3,
35,Voltas,10,,Semi Automatic,1 Year,1350,"₹10,990",4.4,Top Load
36,IFB,6.5,5,Fully Automatic,4 Year,1000,"₹26,195",4.3,
37,Haier,11,,Fully Automatic,3 year,1400,"₹59,990",4.3,
38,Samsung,9,,Fully Automatic,2 year,700,"₹23,990",4.3,Top Load
39,realme,8.5,5,Semi Automatic,2 Year,1400,"₹10,290",4.2,Top Load
40,Samsung,8,5,Fully Automatic,2 Year,700,"₹22,990",4.3,
41,Voltas,7.5,,Semi Automatic,1 Year,1350,"₹9,490",4.3,Top Load
42,realme,9,,Fully Automatic,2 Year,700,"₹13,990",4.3,Top Load
43,LG,8.5,5,Semi Automatic,2 Year,1300,"₹14,490",4.5,
44,Voltas,7,,Semi Automatic,1 Year,1350,"₹8,890",4.3,Top Load
45,realme,8,,Fully Automatic,2 Year,700,"₹14,390",4.1,Top Load
46,Thomson,8,5,Fully Automatic,2 Year,1400,"₹8,999",4.1,
47,Samsung,8,,Fully Automatic,2 year,700,"₹19,490",4.3,Top Load
48,Thomson,12,5,Semi Automatic,2 Year,1400,"₹12,499",4.1,
49,Whirlpool,8,5,Fully Automatic,4 Year,1400,"₹12,790",4.4,
50,IFB,9,5,Fully Automatic,4 Year,1400,"₹38,490",4.3,
51,IFB,6,5,Fully Automatic,4 Year,1000,"₹24,990",4.3,
52,Motorola,10.5,5,Fully Automatic,2 Year,1400,"₹24,490",4.1,Front Load
53,MarQ,7.5,5,Semi Automatic,2 Year,1350,"₹8,190",4.3,Top Load
54,Voltas,9,,Semi Automatic,1 Year,1350,"₹11,990",4.3,Top Load
55,Samsung,8.5,,Semi Automatic,2 year,1300,"₹14,190",4.4,Top Load
56,IFB,7,5,Fully Automatic,4 Year,1200,"₹29,990",4.3,
57,IFB,7,5,Fully Automatic,4 Year,1200,"₹28,278",4.3,
58,Voltas,10,,Semi Automatic,2 Year,1350,"₹13,290",4.3,Top Load
59,Voltas,8,,Semi Automatic,1 Year,1350,"₹10,290",4.3,Top Load
60,IFB,6.5,5,Fully Automatic,4 Year,1000,"₹26,195",4.3,
61,Haier,11,,Fully Automatic,3 year,1400,"₹59,990",4.3,
62,Godrej,8,5,Semi Automatic,2 Year,1440,"₹11,790",4.3,Top Load
63,MarQ,6.5,5,Semi Automatic,2 Year,1350,"₹7,190",4.3,Top Load
64,BOSCH,7,,Fully Automatic,2 Year,1200,"₹26,990",4.3,Front Load
65,LG,8,5,Fully Automatic,2 Year,1300,"₹13,990",4.5,
66,MOTOROLA,7,,Semi Automatic,2 Year,1350,"₹7,990",4.3,Top Load
67,Thomson,7,5,Semi Automatic,2 Year,1400,"₹7,590",4.1,Top Load
68,BOSCH,8,,Fully Automatic,2 Year,1400,"₹34,660",4.3,Front Load
69,Thomson,10,5,Semi Automatic,2 Year,1400,"₹9,999",4.1,Top Load
70,Kenstar,,,Semi Automatic,2 Year,1300,"₹7,190",4.2,Top Load
71,Thomson,7,,Fully Automatic,1 Year,780,"₹4,790",4,
72,ONIDA,6.5,,Fully Automatic,1 Year,780,"₹5,555",4.2,
73,MOTOROLA,7,,Semi Automatic,2 Year,1350,"₹7,990",4.3,Top Load
74,VW,7.5,,Semi Automatic,2 Year,1350,"₹6,899",4,Top Load
75,Voltas,12,,Fully Automatic,2 Year,1350,"₹14,895",4.3,
76,IFB,9,5,Fully Automatic,4 Year,1400,"₹38,490",4.3,
77,IFB,6,5,Fully Automatic,4 Year,1000,"₹24,990",4.3,
78,Voltas,14,,Semi Automatic,2 Year,1350,"₹15,990",4.3,Top Load
79,LG,8,5,Fully Automatic,2 Year,740,"₹19,990",4.4,
80,IFB,7,5,Fully Automatic,4 Year,1200,"₹29,990",4.3,
81,IFB,7,5,Fully Automatic,4 Year,1200,"₹28,278",4.3,
82,IFB,7,5,Fully Automatic,4 Year,720,"₹17,790",4.3,
83,Haier,7,,Fully Automatic,2 Year,1300,"₹8,990",4.3,
84,ONIDA,9,,Fully Automatic,1 Year,780,"₹6,484",4.2,
85,MOTOROLA,7.5,,Semi Automatic,2 Year,1350,"₹8,490",4.3,Top Load
86,IFB,6.5,5,Fully Automatic,4 Year,1000,"₹26,195",4.3,
87,Haier,11,,Fully Automatic,3 year,1400,"₹59,990",4.3,
88,realme,8.5,5,Fully Automatic,2 Year,700,"₹14,290",4.1,
89,Whirlpool,7.5,,Fully Automatic,2 Year,740,"₹17,999",4.1,Top Load
90,Godrej,8,5,Fully Automatic,2 Year,1400,"₹13,799",4.2,
91,realme,7.5,5,Fully Automatic,2 Year,700,"₹12,290",4.1,Top Load
92,LG,9,5,Fully Automatic,2 Year,700,"₹24,990",4.4,Top Load
93,Samsung,9.5,,Semi Automatic,2 year,1300,"₹15,190",4.4,Top Load
94,ONIDA,9,,Fully Automatic,1 Year,780,"₹6,490",4.2,
95,Thomson,10,5,Fully Automatic,2 Year,1400,"₹10,999",4.1,
96,IFB,6,5,Fully Automatic,4 Year,1000,"₹24,990",4.3,
97,IFB,9,5,Fully Automatic,4 Year,1400,"₹38,490",4.3,
98,Whirlpool,6.5,5,Fully Automatic,2 Year,740,"₹14,890",4.2,Top Load
99,Samsung,7,,Fully Automatic,2 year,680,"₹14,790",4.3,Top Load
100,IFB,7,5,Fully Automatic,4 Year,1200,"₹28,278",4.3,
101,IFB,6.5,5,Fully Automatic,4 Year,1000,"₹26,195",4.3,
102,BOSCH,7,,Fully Automatic,2 Year,1200,"₹30,999",4.3,Front Load
103,Whirlpool,9,,Fully Automatic,2 Year,740,"₹21,990",4.1,Top Load
104,LG,7.5,,Semi Automatic,2 Year,1300,"₹11,640",4.4,Top Load
105,Samsung,7,5,Fully Automatic,2 year,1200,"₹30,990",4.3,Front Load
106,IFB,7,5,Fully Automatic,4 Year,1200,"₹29,990",4.3,
107,Haier,11,,Fully Automatic,3 year,1400,"₹59,990",4.3,
108,realme,8,5,Semi Automatic,2 Year,1400,"₹10,090",4.2,Top Load
109,BOSCH,8,,Fully Automatic,2 Year,1400,"₹34,400",4.3,Front Load
110,MarQ,6.5,,Fully Automatic,2 Year,700,"₹11,490",4.1,Top Load
111,Samsung,10,5,Fully Automatic,2 Year,700,"₹25,990",4.3,
112,Voltas,9.5,5,Semi Automatic,1 Year,1400,"₹12,432",4.3,Top Load
113,Godrej,7,5,Semi Automatic,2 Year,1440,"₹9,890",4.3,Top Load
114,Samsung,12,5,Fully Automatic,2 Year,1400,"₹42,490",4.3,
115,Haier,9,,Fully Automatic,3 Year,1300,"₹14,399",4.3,
116,Voltas,6.5,5,Fully Automatic,1 Year,700,"₹11,990",4.1,Top Load
117,IFB,9,5,Fully Automatic,4 Year,1400,"₹35,710",4.3,
118,MarQ,9,5,Semi Automatic,2 Year,1350,"₹10,490",4.3,Top Load
119,ONIDA,6.5,5,Fully Automatic,2 Year,700,"₹11,990",4.2,Top Load
120,IFB,9,5,Fully Automatic,4 Year,1400,"₹38,490",4.3,
121,IFB,6,5,Fully Automatic,4 Year,1000,"₹24,990",4.3,
122,LG,11,5,Fully Automatic,2 Year,1300,"₹18,690",4.5,
123,Sansui,7,,Semi Automatic,2 Year,1350,"₹7,690",3,Top Load
124,LG,8,,Fully Automatic,2 Year,1200,"₹38,490",4.5,Front Load
125,FOXSKY,8,,Semi Automatic,2 Year,1450,"₹7,499",4,Top Load
126,IFB,7,5,Fully Automatic,4 Year,1200,"₹29,990",4.3,
127,IFB,7,5,Fully Automatic,4 Year,1200,"₹28,278",4.3,
128,Voltas,7,,Semi Automatic,,1350,"₹8,359",4.3,Top Load
129,MOTOROLA,7,,Fully Automatic,2 Year,700,"₹11,990",4.2,Top Load
130,IFB,6.5,5,Fully Automatic,4 Year,1000,"₹26,195",4.3,
131,Haier,11,,Fully Automatic,3 year,1400,"₹59,990",4.3,
132,Voltas,10,,Semi Automatic,2 Year,1350,"₹13,290",4.3,Top Load
133,Voltas,9.5,5,Semi Automatic,1 Year,1400,"₹12,432",4.3,Top Load
134,Thomson,11,5,Semi Automatic,2 Year,1400,"₹10,999",4.1,Top Load
135,Samsung,,,Semi Automatic,2 year,1300,"₹11,490",4.4,Top Load
136,Thomson,9,5,Semi Automatic,2 Year,1400,"₹9,499",4.1,Top Load
137,Whirlpool,7.5,5,Semi Automatic,2 Year,1400,"₹11,590",4.4,Top Load
138,Samsung,12,5,Fully Automatic,2 Year,700,"₹36,990",4.3,
139,Haier,7,,Fully Automatic,2 Year,780,"₹14,990",4.3,
140,Voltas,8,,Fully Automatic,3 Year,1200,"₹25,490",4,Front Load
141,MOTOROLA,12,5,Fully Automatic,2 Year,700,"₹18,190",4.2,Top Load
142,LG,12,5,Fully Automatic,2 Year,1400,"₹47,990",4.3,
143,Whirlpool,8,,Fully Automatic,2 Year,740,"₹17,849",4.1,Top Load
144,Whirlpool,7.5,5,Semi Automatic,2 Year,1400,"₹11,590",4.4,Top Load
145,BOSCH,9,,Fully Automatic,2 Year,1200,"₹38,900",4.3,Front Load
146,Whirlpool,10,,Semi Automatic,4 Year,1400,"₹14,690",4.4,Top Load
147,LG,9,5,Fully Automatic,2 Year,1200,"₹38,990",4.4,
148,Whirlpool,6,5,Fully Automatic,2 Year,740,"₹13,990",4.2,Top Load
149,Haier,9,,Fully Automatic,3 Year,1300,"₹14,399",4.3,
150,Voltas,,,Semi Automatic,1 Year,1350,"₹14,490",4.3,Top Load
151,MOTOROLA,9,,Fully Automatic,2 Year,1400,"₹23,690",4.1,Front Load
152,Samsung,10.5,,Semi Automatic,2 Year,1300,"₹15,590",4.4,Top Load
153,InnoQ,7.5,,Fully Automatic,1 Year,1500,"₹7,295",4.2,
154,Haier,8,,Fully Automatic,5 Year,1200,"₹29,990",4.3,
155,LG,7.5,,Semi Automatic,2 Year,1300,"₹11,640",4.4,Top Load
156,MarQ,8,,Fully Automatic,2 Year,1350,"₹4,799",4.2,
157,realme,8.5,5,Fully Automatic,2 Year,700,"₹14,290",4.1,
158,realme,8.5,5,Semi Automatic,2 Year,1400,"₹10,290",4.2,Top Load
159,MarQ,6.5,,Fully Automatic,2 Year,700,"₹11,490",4.1,Top Load
160,Haier,14,,Fully Automatic,3 Year,1300,"₹19,990",4.3,
161,Whirlpool,8,5,Fully Automatic,2 Year,1400,"₹32,990",4.1,
162,Voltas,7,,Semi Automatic,2 Year,1350,"₹8,672",4.3,Top Load
163,InnoQ,7.5,,Fully Automatic,1 Year,1500,"₹7,390",4.2,
164,ONIDA,6.5,,Fully Automatic,1 Year,780,"₹5,555",4.2,
165,realme,10.5,,Fully Automatic,2 Year,1400,"₹24,490",4.1,Front Load
166,Haier,8,,Fully Automatic,2 Year,780,"₹17,990",4.1,
167,TCL,10,5,Semi Automatic,2 Year,1300,"₹10,490",4,Top Load
168,Haier,11,,Fully Automatic,3 Year,1300,"₹15,379",4.3,
169,realme,10.5,,Fully Automatic,2 Year,1400,"₹24,490",4.1,Front Load
170,IFB,9,5,Fully Automatic,4 Year,1400,"₹38,490",4.3,
171,IFB,6,5,Fully Automatic,4 Year,1000,"₹24,990",4.3,
172,BOSCH,7,,Fully Automatic,2 Year,1200,"₹30,999",4.3,Front Load
173,Haier,8,,Fully Automatic,2 Year,780,"₹17,990",4.1,
174,TCL,10,5,Semi Automatic,2 Year,1300,"₹10,490",4,Top Load
175,Voltas,10,,Fully Automatic,1 Year,700,"₹20,990",4.2,Top Load
176,IFB,7,5,Fully Automatic,4 Year,1200,"₹29,990",4.3,
177,IFB,7,5,Fully Automatic,4 Year,1200,"₹28,278",4.3,
178,IFB,6.5,5,Fully Automatic,4 Year,720,"₹16,910",4.3,
179,Voltas,11,,Fully Automatic,1 Year,700,"₹20,999",4.2,Top Load
180,IFB,6.5,5,Fully Automatic,4 Year,1000,"₹26,195",4.3,
181,Haier,11,,Fully Automatic,3 year,1400,"₹59,990",4.3,
182,IFB,9,5,Fully Automatic,4 Year,1400,"₹35,710",4.3,
183,Haier,7,,Fully Automatic,5 Year,1200,"₹28,990",4.3,Front Load
184,TCL,9,5,Semi Automatic,2 Year,1300,"₹9,990",4,Top Load
185,Haier,10,,Fully Automatic,3 Year,1300,"₹14,999",4.3,
186,Voltas,11,,Fully Automatic,1 Year,700,"₹20,990",4.2,Top Load
187,Godrej,7.5,5,Semi Automatic,2 Year,1440,"₹10,590",4.3,Top Load
188,ONIDA,9,,Fully Automatic,1 Year,780,"₹6,490",4.2,
189,Kenstar,,,Semi Automatic,2 Year,1300,"₹9,190",4.2,Top Load
190,Godrej,8.5,5,Semi Automatic,2 Year,1440,"₹13,990",3.8,Top Load
191,Samsung,7,5,Fully Automatic,2 year,1200,"₹30,990",4.3,Front Load
192,Voltas,8,,Fully Automatic,12 Year,1200,"₹26,990",4.3,Front Load
193,Samsung,9,5,Fully Automatic,2 Year,1400,"₹39,490",4.1,
194,realme,8,,Fully Automatic,2 Year,1400,"₹22,990",4.2,Front Load
195,ONIDA,6.5,,Fully Automatic,1 Year,780,"₹5,555",4.3,
196,IFB,9,5,Fully Automatic,4 Year,1400,"₹38,490",4.3,
197,IFB,6,5,Fully Automatic,4 Year,1000,"₹24,990",4.4,
198,Samsung,12,,Fully Automatic,2 year,1400,"₹56,990",4,
199,MOTOROLA,10.5,,Fully Automatic,2 Year,1400,"₹25,690",4.3,Front Load
200,IFB,7,5,Fully Automatic,4 Year,1200,"₹29,990",4.3,
201,IFB,7,5,Fully Automatic,4 Year,1200,"₹28,278",4.3,
202,MOTOROLA,8,,Semi Automatic,2 Year,1350,"₹10,090",4.1,Top Load
203,Thomson,12,5,Semi Automatic,2 Year,1400,"₹12,499",4.1,
204,Motorola,10.5,5,Fully Automatic,2 Year,1400,"₹24,490",4.4,Front Load
205,Samsung,8,5,Fully Automatic,2 year,1400,"₹37,998",4.3,Front Load
206,IFB,6.5,5,Fully Automatic,4 Year,1000,"₹26,195",4.3,
207,Haier,11,,Fully Automatic,3 year,1400,"₹59,990",4.3,
208,Whirlpool,9,5,Semi Automatic,4 Year,1400,"₹12,784",4.3,Top Load
209,Voltas,8,,Semi Automatic,1 Year,1350,"₹10,990",4.2,Top Load
210,MOTOROLA,9,5,Fully Automatic,2 Year,700,"₹14,690",4.3,Top Load
211,BOSCH,9,,Fully Automatic,2 year,1200,"₹38,990",4.2,Front Load
212,Samsung,7,,Fully Automatic,2 year,1200,"₹39,990",4.1,Front Load
213,Whirlpool,7,5,Fully Automatic,2 Year,1200,"₹27,890",4.4,Front Load
214,Samsung,9,5,Fully Automatic,2 year,1400,"₹41,990",4,Front Load
215,Thomson,8.5,,Fully Automatic,2 Year,840,"₹12,999",4.3,
216,IFB,9,5,Fully Automatic,4 Year,1400,"₹38,490",4.3,
217,IFB,6,5,Fully Automatic,4 Year,1000,"₹24,990",4.3,
218,Voltas,9,,Fully Automatic,2 Year,1350,"₹12,480",4.4,
219,Whirlpool,7,5,Fully Automatic,2 Year,1000,"₹26,980",4.1,Front Load
220,IFB,7,5,Fully Automatic,4 Year,1200,"₹29,990",4.3,
221,IFB,7,5,Fully Automatic,4 Year,1200,"₹28,278",4.3,
222,Samsung,8,5,Fully Automatic,2 year,1400,"₹36,128",4.4,Front Load
223,Whirlpool,10,,Fully Automatic,2 Year,740,"₹25,490",4.1,Top Load
224,Godrej,7.5,,Fully Automatic,2 Year,670,"₹17,399",4.2,Top Load
225,Godrej,8,5,Fully Automatic,2 Year,1400,"₹13,799",4.2,
226,IFB,6.5,5,Fully Automatic,4 Year,1000,"₹26,195",4.3,
227,Haier,11,,Fully Automatic,3 year,1400,"₹59,990",4.3,
228,realme,8,5,Semi Automatic,2 Year,1400,"₹10,090",4.2,Top Load
229,Samsung,7,,Fully Automatic,2 year,1200,"₹39,990",4.4,Front Load
230,LG,11.5,,Semi Automatic,2 Year,1300,"₹18,970",4.5,Top Load
231,Thomson,8.5,5,Semi Automatic,2 Year,1400,"₹8,999",4.1,Top Load
232,Whirlpool,10,5,Semi Automatic,4 Year,1400,"₹14,100",4.5,
233,LG,10,5,Semi Automatic,2 Year,1300,"₹15,498",4.5,Top Load
234,FOXSKY,8.5,,Semi Automatic,2 Year,1300,"₹7,799",4,Top Load
235,Voltas,7.5,,Fully Automatic,1 Year,700,"₹5,446",4.1,
236,LG,7.5,,Semi Automatic,2 year,1300,"₹11,499",4.4,Top Load
237,Whirlpool,9,5,Semi Automatic,4 Year,1400,"₹12,784",4.3,Top Load
238,VW,9.5,,Semi Automatic,2 Year,1400,"₹8,999",4.4,Top Load
239,IFB,10,5,Fully Automatic,4 Year,1400,"₹46,490",4.3,
240,IFB,9,5,Fully Automatic,4 Year,1400,"₹38,490",4.3,
241,IFB,6,5,Fully Automatic,4 Year,1000,"₹24,990",4.3,
242,Godrej,7,,Fully Automatic,10 Year,1400,"₹18,599",4.3,Top Load
243,Haier,10,,Fully Automatic,3 Year,1300,"₹14,999",4.1,
244,Midea,7,5,Fully Automatic,2 Year,680,"₹13,990",4.3,Top Load
245,BOSCH,9,,Fully Automatic,2 Year,1200,"₹36,500",4.3,Front Load
246,IFB,7,5,Fully Automatic,4 Year,1200,"₹29,990",4.3,
247,IFB,7,5,Fully Automatic,4 Year,1200,"₹28,278",4.3,
248,BOSCH,9,,Fully Automatic,2 year,1200,"₹38,990",4.3,Front Load
249,Whirlpool,8,,Semi Automatic,2 Year,0,"₹11,390",4.3,Top Load
250,IFB,6.5,5,Fully Automatic,4 Year,1000,"₹26,195",4.3,
251,Haier,11,,Fully Automatic,3 year,1400,"₹59,990",4.3,
252,Whirlpool,7.5,,Semi Automatic,2 Year,1400,"₹10,320",4,Top Load
253,Godrej,8,,Fully Automatic,2 Year,1200,"₹28,990",4.1,Front Load
254,BOSCH,8,5,Semi Automatic,2 Year,1360,"₹12,999",4,Top Load
255,Samsung,7,,Fully Automatic,2 year,1200,"₹36,882",4.3,Front Load
256,Godrej,7,,Fully Automatic,2 Year,1000,"₹24,990",4.3,Front Load
257,MarQ,9,5,Semi Automatic,2 Year,1350,"₹10,490",4.4,Top Load
258,BOSCH,8,,Fully Automatic,2 Year,1400,"₹34,660",4.2,Front Load
259,LG,7.5,,Semi Automatic,2 Year,1350,"₹11,799",4.3,Top Load
260,ONIDA,6.5,5,Fully Automatic,2 Year,700,"₹11,990",4.3,Top Load
261,Godrej,,5,Fully Automatic,2 Year,1440,"₹17,637",4.3,
262,Samsung,12,5,Fully Automatic,2 Year,1400,"₹42,490",4.3,
263,IFB,9,5,Fully Automatic,4 Year,1400,"₹36,990",5,Front Load
264,Midea,8,5,Semi Automatic,2 Year,1300,"₹9,490",4,Top Load
265,BOSCH,6,,Fully Automatic,2 Year,1400,"₹60,990",4,
266,Midea,7.5,5,Semi Automatic,2 Year,1300,"₹7,790",4.3,Top Load
267,IFB,11,5,Fully Automatic,4 Year,720,"₹34,300",4.3,
268,IFB,7,5,Fully Automatic,4 Year,1200,"₹29,990",4.2,
269,ONIDA,8,5,Fully Automatic,2 Year,700,"₹16,990",4.3,Top Load
270,Voltas,7,,Semi Automatic,2 Year,1350,"₹8,299",4.4,Top Load
271,LG,8.5,,Semi Automatic,2 Year,1400,"₹14,599",4.2,Top Load
272,realme,8.5,5,Semi Automatic,2 Year,1300,"₹10,390",3.6,
273,Whirlpool,7,,Semi Automatic,2 year,1350,"₹9,990",4.4,Top Load
274,Voltas,7,,Semi Automatic,2 Year,1350,"₹9,170",3.8,Top Load
275,VW,7.5,,Semi Automatic,2 Year,1350,"₹7,499",4.1,Top Load
276,realme,11,,Fully Automatic,2 Year,700,"₹18,690",4.1,Top Load
277,Samsung,9,,Fully Automatic,2 year,1400,"₹51,990",4.4,Front Load
278,BOSCH,8,5,Semi Automatic,2 Year,1360,"₹12,990",4.3,Top Load
279,Whirlpool,8,,Semi Automatic,4 Year,1400,"₹11,458",4.4,Top Load
280,IFB,8,5,Fully Automatic,4 Year,1400,"₹36,990",4.3,
281,Godrej,8,,Semi Automatic,2 Year,1400,"₹11,690",4.1,Top Load
282,Whirlpool,7,,Semi Automatic,2 Year,1400,"₹8,899",4.2,Top Load
283,BOSCH,8.5,5,Semi Automatic,2 Year,1360,"₹13,700",5,Top Load
284,InnoQ,6.5,,Fully Automatic,1 Year,1500,"₹6,890",4.2,
285,Voltas,14,,Semi Automatic,2 Year,1350,"₹14,400",4.2,Top Load
286,IFB,9,,Fully Automatic,4 Year,720,"₹26,450",4.3,Top Load
287,ONIDA,6,5,Fully Automatic,2 Year,750,"₹11,990",5,Top Load
288,Lloyd,8.5,,Fully Automatic,2 Year,1300,"₹10,990",4.3,
289,BOSCH,8,5,Semi Automatic,2 year,1360,"₹11,990",4.2,
290,IFB,9,5,Fully Automatic,4 Year,1400,"₹38,490",4.3,
291,IFB,6,5,Fully Automatic,4 Year,1000,"₹24,990",4.3,
292,ONIDA,7,,Fully Automatic,1 Year,780,"₹5,896",4.2,
293,Voltas,9,,Fully Automatic,5 Year,700,"₹18,480",4.2,Top Load
294,LG,7.5,,Semi Automatic,,1300,"₹11,949",3.9,Top Load
295,Panasonic,10,,Fully Automatic,2 Year,702,"₹28,490",4.3,Top Load
296,IFB,7,5,Fully Automatic,4 Year,1200,"₹29,990",4.3,
297,IFB,7,5,Fully Automatic,4 Year,1200,"₹28,278",4.3,
298,LG,8.5,,Semi Automatic,2 Year,1350,"₹12,999",4.1,Top Load
299,Whirlpool,9,5,Fully Automatic,2 Year,1200,"₹29,990",4.3,
300,IFB,6.5,5,Fully Automatic,4 Year,1000,"₹26,195",4.3,
301,Haier,11,,Fully Automatic,3 year,1400,"₹59,990",4.4,
302,Whirlpool,11,5,Semi Automatic,2 Year,1400,"₹15,990",3.3,Top Load
303,Whirlpool,8.5,,Fully Automatic,2 Year,740,"₹18,190",4,Top Load
304,Samsung,7,,Fully Automatic,10 year,700,"₹23,500",4.2,Top Load
305,CANDY,8,,Semi Automatic,2 year,1300,"₹10,990",4,Top Load
306,IFB,11,5,Fully Automatic,4 Year,720,"₹36,990",4.1,
307,MarQ,8.5,,Fully Automatic,2 Year,700,"₹21,478",4.6,Top Load
308,Godrej,11.5,,Semi Automatic,2 Year,720,"₹16,989",4,Top Load
309,Voltas,12,,Semi Automatic,2 Year,1300,"₹15,850",4.2,Top Load
310,InnoQ,9,,Fully Automatic,1 Year,1500,"₹9,190",4.3,
311,Whirlpool,7,5,Fully Automatic,2 Year,740,"₹14,590",4.2,Top Load
312,BOSCH,6,,Fully Automatic,2 Year,1400,"₹64,441",4.2,
313,InnoQ,7,,Fully Automatic,1 Year,1500,"₹7,195",4.3,
314,IFB,8,5,Fully Automatic,4 Year,1400,"₹42,390",4.4,
315,LG,7,,Fully Automatic,2 Year,1400,"₹64,990",4.3,
316,IFB,9,5,Fully Automatic,4 Year,1400,"₹38,490",4.3,
317,IFB,6,5,Fully Automatic,4 Year,1000,"₹24,990",4.2,
318,ONIDA,8,,Semi Automatic,2 Year,1450,"₹10,690",4.3,Top Load
319,IFB,10,5,Fully Automatic,4 Year,720,"₹29,999",4.3,
320,IFB,7,5,Fully Automatic,4 Year,1200,"₹29,990",4.3,
321,IFB,7,5,Fully Automatic,4 Year,1200,"₹28,278",4,
322,Godrej,9,,Fully Automatic,2 Year,1400,"₹31,990",4,Front Load
323,Voltas,14,,Semi Automatic,2 Year,1350,"₹15,990",4.3,Top Load
324,Lloyd,8.5,,Fully Automatic,2 Year,1300,"₹14,490",4.1,
325,Whirlpool,9.5,5,Fully Automatic,3 Year,740,"₹21,990",4.3,Top Load
326,IFB,6.5,5,Fully Automatic,4 Year,1000,"₹26,195",4.3,
327,Haier,11,,Fully Automatic,3 year,1400,"₹59,990",4.6,
328,Electrolux,7.5,,Fully Automatic,5 Year,1200,"₹34,990",4.3,
329,Voltas,7,,Semi Automatic,5 Year,1350,"₹8,846",4,Top Load
330,Godrej,6.5,,Fully Automatic,4 Year,1000,"₹22,990",4,Front Load
331,Whirlpool,9,,Semi Automatic,2 Year,1400,"₹13,680",4,Top Load
332,FOXSKY,7.5,,Semi Automatic,2 Year,1300,"₹6,999",4.3,Top Load
333,Samsung,8,5,Fully Automatic,3 Year,700,"₹20,150",3.5,Top Load
334,IFB,9,5,Fully Automatic,4 Year,1400,"₹38,990",3.5,
335,Panasonic,11,,Fully Automatic,2 Year,702,"₹31,490",4.2,Top Load
336,IFB,9,5,Fully Automatic,4 Year,1400,"₹38,490",4.3,
337,IFB,6,5,Fully Automatic,4 Year,1000,"₹24,990",4.3,
338,Lloyd,7,,Semi Automatic,2 Year,1400,"₹11,290",4.3,Top Load
339,Voltas,8,,Semi Automatic,1 Year,1350,"₹11,029",4.4,Top Load
340,IFB,7,5,Fully Automatic,4 Year,1200,"₹29,990",4.3,
341,IFB,7,5,Fully Automatic,4 Year,1200,"₹28,278",4.3,
342,LG,9.5,,Semi Automatic,1 Year,1350,"₹15,480",4.2,Top Load
343,Samsung,8,,Fully Automatic,2 year,1400,"₹34,290",4.4,Front Load
344,Whirlpool,7,,Semi Automatic,,1400,"₹9,549",4.2,Top Load
345,IFB,7,,Fully Automatic,4 Year,720,"₹20,399",4.3,Top Load
346,IFB,6.5,5,Fully Automatic,4 Year,1000,"₹26,195",4.3,
347,Haier,11,,Fully Automatic,3 year,1400,"₹59,990",4.3,
348,Haier,10.5,,Fully Automatic,5 Year,780,"₹25,539",4,Top Load
349,TCL,8.5,5,Semi Automatic,2 Year,1300,"₹9,190",4.1,Top Load
350,Whirlpool,7,,Fully Automatic,10 Year,740,"₹19,282",4.4,Top Load
351,LG,7,5,Fully Automatic,2 Year,1200,"₹26,990",4.3,
352,LG,9,5,Fully Automatic,2 Year,1200,"₹41,990",4.1,
353,BOSCH,9,5,Semi Automatic,2 Year,1360,"₹13,999",4.3,Top Load
354,Panasonic,6,4,Fully Automatic,2 Year,680,"₹13,990",4.3,Top Load
355,Lloyd,8,,Semi Automatic,2 Year,1400,"₹13,489",4.1,Top Load
356,BOSCH,8.5,5,Semi Automatic,2 Year,1360,"₹14,599",4.4,
357,LG,13,,Fully Automatic,2 Year,1400,"₹1,49,990",4.3,Front Load
358,Sansui,9,,Semi Automatic,2 Year,1350,"₹9,990",4,Top Load
359,Haier,8,,Fully Automatic,2 Year,800,"₹16,990",5,
360,BOSCH,8,,Fully Automatic,2 Year,680,"₹23,500",4.3,Top Load
361,BOSCH,8,,Fully Automatic,2 Year,680,"₹25,500",4.2,Top Load
362,Samsung,8,,Fully Automatic,2 year,700,"₹19,000",4.1,Top Load
363,LG,8,5,Fully Automatic,2 Year,1350,"₹13,039",4.4,
364,Lloyd,8.5,,Fully Automatic,2 Year,1300,"₹10,990",4.3,
365,Equator,8,,Fully Automatic,2 Year,800,"₹14,490",4.1,Top Load
366,Haier,6.5,,Fully Automatic,2 Year,800,"₹14,790",4,Top Load
367,ONIDA,7,5,Fully Automatic,2 Year,750,"₹12,990",4.2,Top Load
368,Godrej,,5,Semi Automatic,2 Year,750,"₹15,539",4.3,Top Load
369,Lloyd,9,,Semi Automatic,2 Year,1400,"₹14,990",4.3,Top Load
370,Voltas,12,,Fully Automatic,2 Year,1350,"₹12,999",4.3,
371,InnoQ,7.5,,Fully Automatic,1 Year,1500,"₹7,350",4.2,
372,Samsung,11.5,,Semi Automatic,2 year,1300,"₹16,899",4.4,Top Load
373,LG,11,5,Fully Automatic,2 Year,1400,"₹48,490",4.4,
374,IFB,7.5,5,Fully Automatic,4 Year,720,"₹20,990",4.3,
375,Whirlpool,7,5,Fully Automatic,2 Year,1000,"₹26,990",4.1,
376,LG,8,5,Fully Automatic,2 Year,1400,"₹38,990",4.4,Front Load
377,Electrolux,8.5,,Fully Automatic,5 Year,1200,"₹38,990",4.6,
378,Samsung,8,5,Fully Automatic,2 year,1400,"₹30,990",4.3,Front Load
379,Godrej,7,,Fully Automatic,2 Year,720,"₹14,129",4.2,Top Load
380,Electrolux,6,5,Fully Automatic,5 Year,1200,"₹58,990",3.3,
381,LG,,,Fully Automatic,2 Year,40,"₹65,990",4,
382,Thomson,10,,Fully Automatic,2 Year,900,"₹14,999",4,
383,Reliance,7.5,,Fully Automatic,1 Year,1350,"₹5,489",4.3,
384,Reliance,7.5,,Fully Automatic,1 Year,1350,"₹5,489",4,
385,LG,8,5,Semi Automatic,2 Year,1300,"₹13,398",4.5,Top Load
386,IFB,6,5,Fully Automatic,4 Year,1000,"₹24,990",4.3,
387,IFB,9,5,Fully Automatic,4 Year,1400,"₹38,490",4.3,
388,Samsung,6.5,,Fully Automatic,10 year,680,"₹14,781",4.4,Top Load
389,Whirlpool,8,,Fully Automatic,2 Year,740,"₹20,790",4.3,Top Load
390,IFB,7,5,Fully Automatic,4 Year,1200,"₹28,278",4.3,
391,IFB,6.5,5,Fully Automatic,4 Year,1000,"₹26,195",4.3,
392,InnoQ,10,,Fully Automatic,1 Year,1500,"₹9,690",4.2,
393,ONIDA,6.5,5,Semi Automatic,2 Year,1300,"₹7,990",4.2,Top Load
394,LG,11,,Fully Automatic,2 Year,700,"₹47,990",4.4,Top Load
395,Godrej,7.5,5,Fully Automatic,2 Year,670,"₹15,350",4.2,Top Load
396,IFB,7,5,Fully Automatic,4 Year,1200,"₹29,990",4.3,
397,Haier,11,,Fully Automatic,3 year,1400,"₹59,990",4.3,
398,LG,8,5,Fully Automatic,2 Year,1400,"₹35,843",4.4,Front Load
399,realme,9,,Fully Automatic,2 Year,1400,"₹24,490",4.1,Front Load
400,TCL,8.5,,Fully Automatic,2 Year,1400,"₹22,190",3.9,Front Load
401,LG,7,,Fully Automatic,2 Year,1400,"₹59,899",4.3,
402,LG,10,5,Fully Automatic,2 Year,780,"₹32,990",4.4,
403,Haier,10,,Semi Automatic,2 Year,1300,"₹14,624",4.3,Top Load
404,Samsung,8,,Fully Automatic,2 Year,700,"₹19,000",4.3,Top Load
405,Whirlpool,7.5,,Fully Automatic,2 Year,740,"₹17,590",4.8,Top Load
406,Acer,12,,Semi Automatic,2 Year,1300,"₹13,949",4.7,Top Load
407,Voltas,7,,Fully Automatic,1 year,700,"₹14,455",4.4,Front Load
408,Godrej,8,5,Semi Automatic,2 Year,1440,"₹13,449",4.3,Top Load
409,Electrolux,9,5,Fully Automatic,5 Year,1200,"₹37,360",4.2,Front Load
410,IFB,6,5,Fully Automatic,4 Year,1000,"₹24,990",4.3,
411,IFB,9,5,Fully Automatic,4 Year,1400,"₹38,490",4.3,
412,IFB,,,Fully Automatic,4 Year,0,"₹20,820",4.1,
413,Whirlpool,7.5,5,Fully Automatic,2 Year,740,"₹16,990",4.2,Top Load
414,BOSCH,9,,Fully Automatic,2 Year,0,"₹52,320",4.1,
415,LG,8.5,,Semi Automatic,2 Year,1300,"₹14,980",4.5,Top Load
416,IFB,7,5,Fully Automatic,4 Year,1200,"₹28,278",4.3,
417,IFB,6.5,5,Fully Automatic,4 Year,1000,"₹26,195",4.3,
418,Lloyd,12,,Semi Automatic,2 Year,1400,"₹17,400",4.3,Top Load
419,Haier,7,,Fully Automatic,2 Year,800,"₹17,490",4.3,Top Load
420,IFB,7,5,Fully Automatic,4 Year,1200,"₹29,990",4.3,
421,Haier,11,,Fully Automatic,3 year,1400,"₹59,990",4.3,
422,IFB,9,5,Fully Automatic,4 Year,1400,"₹43,490",4.3,
423,Whirlpool,11,,Semi Automatic,2 Year,1400,"₹14,679",4.4,Top Load
424,Whirlpool,9,,Semi Automatic,2 Year,1400,"₹13,240",4.4,Top Load
425,Voltas,8,,Semi Automatic,2 Year,1350,"₹10,299",4,Top Load
426,Reliance,7.5,,Fully Automatic,1 Year,1350,"₹5,490",4.5,
427,IFB,8,,Fully Automatic,4 year,1400,"₹35,500",4.2,Front Load
428,LG,8,,Semi Automatic,,1300,"₹13,212",4.2,Top Load
429,Haier,8,,Fully Automatic,3 Year,780,"₹17,490",4.2,
430,LG,7,,Fully Automatic,2 Year,1200,"₹36,990",4.2,Front Load
431,Samsung,7,,Fully Automatic,2 year,700,"₹23,991",4,Top Load
432,LG,5,,Fully Automatic,2 Year,1200,"₹49,990",4.4,
433,BOSCH,6,,Fully Automatic,2 Year,1400,"₹62,303",4.3,
434,IFB,9,5,Fully Automatic,4 Year,1400,"₹36,990",4.1,Front Load
435,IFB,8,5,Fully Automatic,,1200,"₹30,890",4.3,Front Load
436,IFB,9,5,Fully Automatic,4 Year,1400,"₹38,490",4.3,
437,IFB,6,5,Fully Automatic,4 Year,1000,"₹24,990",4.7,
438,Whirlpool,8,,Semi Automatic,,1400,"₹11,599",4.4,Top Load
439,LG,8,5,Fully Automatic,2 Year,1400,"₹35,843",4.3,Front Load
440,IFB,7,5,Fully Automatic,4 Year,1200,"₹29,990",4.3,
441,IFB,7,5,Fully Automatic,4 Year,1200,"₹28,278",4.2,
442,Whirlpool,7.5,5,Fully Automatic,2 Year,740,"₹17,190",4.4,Top Load
443,LG,8,,Fully Automatic,2 Year,1000,"₹87,990",3.9,Front Load
444,Whirlpool,10,,Fully Automatic,3 Year,740,"₹23,140",4.2,Top Load
445,ONIDA,7.5,5,Fully Automatic,2 Year,750,"₹16,990",4.3,Top Load
446,IFB,6.5,5,Fully Automatic,4 Year,1000,"₹26,195",4.3,
447,Haier,11,,Fully Automatic,3 year,1400,"₹59,990",4.1,
448,Voltas,8,,Semi Automatic,2 Year,1350,"₹11,248",4.8,Top Load
449,Samsung,7,5,Fully Automatic,2 Year,1400,"₹60,990",4.3,
450,Godrej,7,,Fully Automatic,2 Year,800,"₹13,978",4.3,Top Load
451,IFB,11,5,Fully Automatic,4 Year,1400,"₹45,250",4.2,
452,Reliance,8,,Fully Automatic,1 Year,1350,"₹5,990",4.4,
453,Godrej,8,,Semi Automatic,3 Year,720,"₹12,849",4.2,Top Load
454,ONIDA,7.5,,Semi Automatic,2 Year,1350,"₹9,490",4,Top Load
455,LG,7,5,Fully Automatic,2 Year,1200,"₹28,990",2,
456,IFB,9,5,Fully Automatic,4 Year,1400,"₹38,490",4.3,
457,IFB,6,5,Fully Automatic,4 Year,1000,"₹24,990",4.3,
458,Voltas,10,,Semi Automatic,2 Year,1400,"₹13,690",4.2,Top Load
459,LG,9,,Fully Automatic,2 Year,1400,"₹44,490",4.3,Front Load
460,IFB,7,5,Fully Automatic,4 Year,1200,"₹29,990",4.3,
461,IFB,7,5,Fully Automatic,4 Year,1200,"₹28,278",4.3,
462,ONIDA,11,,Semi Automatic,2 Year,1300,"₹15,590",4.1,Top Load
463,Samsung,7,,Fully Automatic,2 year,700,"₹21,990",4.3,Top Load
464,ONIDA,12,,Semi Automatic,2 Year,1300,"₹15,790",4.1,Top Load
465,Sharp,7,,Semi Automatic,2 Year,1300,"₹8,600",5,Top Load
466,IFB,6.5,5,Fully Automatic,4 Year,1000,"₹26,195",4.3,
467,Haier,11,,Fully Automatic,3 year,1400,"₹59,990",4.3,
468,Whirlpool,9.5,,Semi Automatic,2 Year,1400,"₹16,690",3.1,Top Load
469,Lloyd,8,,Semi Automatic,2 Year,600,"₹14,088",4.4,Top Load
470,Whirlpool,8.5,,Fully Automatic,3 Year,740,"₹20,350",4.1,Top Load
471,IFB,8,,Fully Automatic,4 Year,1200,"₹33,490",4.3,Front Load
472,LG,7,,Fully Automatic,2 Year,1200,"₹35,490",4.3,Front Load
473,Godrej,8,,Semi Automatic,2 Year,1440,"₹12,499",4.1,Top Load
474,Haier,10.5,,Fully Automatic,3 Year,780,"₹24,526",4.5,
475,LG,10,5,Fully Automatic,2 Year,1300,"₹17,000",4.5,
476,Samsung,7,,Fully Automatic,2 year,700,"₹23,680",4.2,Top Load
477,LG,9,,Fully Automatic,,779,"₹33,990",4.3,
478,Samsung,9,5,Fully Automatic,2 year,1400,"₹37,990",4.3,Front Load
479,Sharp,8,,Semi Automatic,2 Year,1300,"₹11,269",4,Top Load
480,IFB,6,5,Fully Automatic,4 Year,1000,"₹24,990",4.3,
481,IFB,9,5,Fully Automatic,4 Year,1400,"₹38,490",4.3,
482,Whirlpool,9.5,,Semi Automatic,10 year,1400,"₹13,990",4.1,Top Load
483,CANDY,7,,Semi Automatic,2 year,1300,"₹8,890",4.2,Top Load
484,Whirlpool,7,,Fully Automatic,2 Year,740,"₹17,490",4.2,Top Load
485,Whirlpool,8.5,,Semi Automatic,2 Year,1400,"₹13,477",4.3,Top Load
486,IFB,7,5,Fully Automatic,4 Year,1200,"₹28,278",4.3,
487,IFB,6.5,5,Fully Automatic,4 Year,1000,"₹26,195",4.3,
488,Godrej,10,5,Fully Automatic,2 Year,650,"₹40,000",4.2,Top Load
489,Panasonic,6.5,,Semi Automatic,2 Year,1350,"₹8,690",4.3,Top Load
490,IFB,7,5,Fully Automatic,4 Year,1200,"₹29,990",4.3,
491,Haier,11,,Fully Automatic,3 year,1400,"₹59,990",4.3,
492,Lloyd,8,,Fully Automatic,2 Year,680,"₹18,900",4,Top Load
493,Whirlpool,7,,Semi Automatic,2 Year,1400,"₹10,290",4.4,Top Load
494,BOSCH,10,,Semi Automatic,1 Year,1360,"₹14,750",3,Top Load
495,LG,7.5,,Semi Automatic,,1300,"₹11,499",3.9,Top Load
496,Whirlpool,7,,Fully Automatic,2 Year,1000,"₹28,990",3.3,Front Load
497,Samsung,8,,Semi Automatic,2 year,1300,"₹15,499",4.1,Top Load
498,BOSCH,9,5,Semi Automatic,2 Year,1360,"₹14,200",4.2,Top Load
499,IFB,11,,Fully Automatic,10 year,1400,"₹50,500",4.7,Front Load
500,Whirlpool,8.5,,Semi Automatic,2 Year,1450,"₹12,890",4.1,Top Load
501,LG,6.5,,Fully Automatic,2 Year,780,"₹24,481",4.1,Top Load
502,MOTOROLA,7,,Fully Automatic,2 Year,1000,"₹19,990",3,
503,Lloyd,6.5,,Semi Automatic,2 Year,1350,"₹9,999",1,Top Load
504,Whirlpool,6.5,,Fully Automatic,2 year,1450,"₹15,290",4.2,Top Load
505,Lloyd,8,,Fully Automatic,2 Year,680,"₹17,990",4,Top Load
506,IFB,9,5,Fully Automatic,4 Year,1400,"₹38,490",4.3,
507,IFB,6,5,Fully Automatic,4 Year,1000,"₹24,990",4.3,
508,Whirlpool,7.5,5,Fully Automatic,2 Year,740,"₹16,690",4.3,Top Load
509,InnoQ,9.5,,Fully Automatic,1 Year,1500,"₹9,490",4.2,
510,IFB,7,5,Fully Automatic,4 Year,1200,"₹29,990",4.3,
511,IFB,7,5,Fully Automatic,4 Year,1200,"₹28,278",4.3,
512,Whirlpool,8,5,Fully Automatic,2 Year,1400,"₹32,990",4.1,
513,Samsung,12,,Fully Automatic,2 Year,1400,"₹43,290",4.4,Front Load
514,BPL,7,,Semi Automatic,2 Year,1350,"₹8,100",4.3,Top Load
515,Samsung,12,,Fully Automatic,2 Year,1400,"₹40,999",4.3,Front Load
516,IFB,6.5,5,Fully Automatic,4 Year,1000,"₹26,195",4.2,
517,Haier,11,,Fully Automatic,3 year,1400,"₹59,990",4.1,
518,ONIDA,8,,Semi Automatic,2 Year,1450,"₹10,500",4.3,Top Load
519,IFB,6.5,,Fully Automatic,4 Year,1400,"₹54,700",4.3,
520,Panasonic,8,,Fully Automatic,2 Year,702,"₹25,541",4.4,Top Load
521,Samsung,7,,Fully Automatic,2 year,680,"₹14,790",4.3,Top Load
522,LG,9,5,Fully Automatic,2 Year,780,"₹27,990",4.1,Top Load
523,Samsung,6.5,,Fully Automatic,2 year,1200,"₹35,000",3,Front Load
524,Whirlpool,8.5,,Semi Automatic,10 Year,1400,"₹13,160",4.2,Top Load
525,LG,7,,Semi Automatic,2 Year,1350,"₹11,110",3.6,Top Load
526,InnoQ,9,,Fully Automatic,1 Year,1500,"₹9,190",4,
527,Whirlpool,8,,Fully Automatic,1 Year,740,"₹18,480",4,Top Load
528,Whirlpool,8,,Fully Automatic,1 Year,740,"₹18,480",3.6,Top Load
529,InnoQ,9,,Fully Automatic,1 Year,1500,"₹9,190",4.2,
530,IFB,9,5,Fully Automatic,4 Year,1400,"₹38,490",4.3,
531,IFB,6,5,Fully Automatic,4 Year,1000,"₹24,990",4.3,
532,BOSCH,8,,Fully Automatic,2 Year,680,"₹23,900",4.3,Top Load
533,Samsung,12,,Fully Automatic,2 Year,1400,"₹41,490",3.7,Front Load
534,Whirlpool,8,,Semi Automatic,2 Year,1400,"₹11,790",3.8,Top Load
535,Siemens,7,,Fully Automatic,2 Year,1200,"₹28,990",4.7,Front Load
536,IFB,7,5,Fully Automatic,4 Year,1200,"₹29,990",4.3,
537,IFB,7,5,Fully Automatic,4 Year,1200,"₹28,278",4.3,
538,Whirlpool,7.5,,Semi Automatic,2 Year,1400,"₹10,990",4.3,Top Load
539,BOSCH,8,5,Semi Automatic,2 Year,1360,"₹12,999",4.1,Top Load
540,IFB,6.5,5,Fully Automatic,4 Year,1000,"₹26,195",4.3,
541,Haier,11,,Fully Automatic,3 year,1400,"₹59,990",4.3,
542,LG,8,,Fully Automatic,2 Year,700,"₹27,783",4.5,
543,Voltas,8,,Semi Automatic,2 year,1450,"₹12,799",4.1,Top Load
544,Lloyd,7,,Semi Automatic,2 Year,1400,"₹9,290",4.3,Top Load
545,BPL,7,,Semi Automatic,2 Year,1320,"₹8,080",4.4,Top Load
546,Whirlpool,10.5,,Semi Automatic,2 Year,1400,"₹17,271",4.2,Top Load
547,Samsung,12,,Fully Automatic,2 Year,1400,"₹45,990",4,Front Load
548,Whirlpool,9,,Fully Automatic,3 Year,740,"₹20,599",4.5,Top Load
549,LG,11.5,,Semi Automatic,2 Year,1350,"₹17,960",4.3,Top Load
550,IFB,10,5,Fully Automatic,4 Year,1400,"₹44,490",4.1,
551,Acer,10,,Fully Automatic,2 Year,700,"₹19,980",5,Top Load
552,Whirlpool,6,,Fully Automatic,2 Year,740,"₹15,775",4.3,Top Load
553,Lloyd,9,,Semi Automatic,2 Year,1300,"₹15,328",3.9,Top Load
554,LG,11.5,,Semi Automatic,1 Year,1300,"₹18,999",4.5,Top Load
555,Siemens,8,,Fully Automatic,2 year,1400,"₹39,190",4,Front Load
556,IFB,9,5,Fully Automatic,4 Year,1400,"₹38,490",4.3,
557,IFB,6,5,Fully Automatic,4 Year,1000,"₹24,990",4.3,
558,Samsung,6.5,,Fully Automatic,2 year,1000,"₹33,406",4.5,Front Load
559,BOSCH,7.5,,Fully Automatic,2 Year,680,"₹23,301",4.3,Top Load
560,IFB,7,5,Fully Automatic,4 Year,1200,"₹29,990",4.3,
561,IFB,7,5,Fully Automatic,4 Year,1200,"₹28,278",4.3,
562,Whirlpool,8.5,5,Semi Automatic,2 Year,1450,"₹13,490",4.3,Top Load
563,Whirlpool,8,5,Semi Automatic,2 Year,1400,"₹11,390",4.4,Top Load
564,Admiral,6.5,,Semi Automatic,3 Year,1350,"₹8,999",4.2,Top Load
565,Whirlpool,8.5,,Semi Automatic,2 year,1400,"₹13,599",4.4,Top Load
566,IFB,6.5,5,Fully Automatic,4 Year,1000,"₹26,195",4.3,
567,Haier,11,,Fully Automatic,3 year,1400,"₹59,990",4.3,
568,IFB,6.5,5,Fully Automatic,4 Year,1000,"₹29,960",4.3,Front Load
569,IFB,7,,Fully Automatic,4 Year,1200,"₹36,700",4.7,Front Load
570,Godrej,7,,Semi Automatic,2 Year,1440,"₹11,500",4.1,Top Load
571,Admiral,6.5,,Fully Automatic,3 Year,600,"₹13,999",3.6,Top Load
572,LG,10,,Fully Automatic,2 Year,700,"₹29,990",4.4,Top Load
573,Haier,8,5,Fully Automatic,5 Year,800,"₹21,928",4.3,Top Load
574,Sansui,9,,Semi Automatic,2 Year,1350,"₹9,490",4.5,Top Load
575,Lloyd,10.5,,Fully Automatic,2 Year,680,"₹25,990",3,Top Load
576,IFB,9,5,Fully Automatic,4 Year,1400,"₹38,490",4.3,
577,IFB,6,5,Fully Automatic,4 Year,1000,"₹24,990",4.3,
578,Lloyd,8,,Semi Automatic,2 Year,1300,"₹17,000",4.3,
579,Acer,8,,Fully Automatic,2 Year,700,"₹15,989",3.3,Top Load
580,IFB,7,5,Fully Automatic,4 Year,1200,"₹29,990",4.3,
581,IFB,7,5,Fully Automatic,4 Year,1200,"₹28,278",4.3,
582,Haier,7,,Semi Automatic,2 Year,1300,"₹11,750",4,Top Load
583,LG,8,5,Fully Automatic,2 Year,700,"₹18,990",4.4,Top Load
584,Acer,9,,Fully Automatic,2 Year,700,"₹18,999",4.2,Top Load
585,Electrolux,8,5,Fully Automatic,5 Year,1200,"₹35,360",4.3,Front Load
586,IFB,6.5,5,Fully Automatic,4 Year,1000,"₹26,195",4.3,
587,Haier,11,,Fully Automatic,3 year,1400,"₹59,990",4.3,
588,Whirlpool,8,,Fully Automatic,1 Year,740,"₹18,380",4.3,Top Load
589,IFB,6.5,,Fully Automatic,4 Year,1000,"₹25,400",4,Front Load
590,IFB,10,,Fully Automatic,4 Year,720,"₹30,290",4.3,Top Load
591,Acer,7,,Fully Automatic,2 Year,700,"₹14,499",4.3,Top Load
592,Thomson,9,,Fully Automatic,2 Year,900,"₹13,999",4,
593,BOSCH,7.5,,Fully Automatic,2 Year,680,"₹23,301",4.4,Top Load
594,Haier,6,,Fully Automatic,2 year,800,"₹15,400",4.3,Top Load
595,IFB,6,,Fully Automatic,4 Year,1400,"₹50,880",4.2,
596,BOSCH,6,,Fully Automatic,2 Year,800,"₹26,490",4.2,Front Load
597,Samsung,6.5,5,Fully Automatic,2 year,700,"₹15,990",4,Top Load
598,Voltas,8,,Semi Automatic,2 Year,1300,"₹11,029",4,Top Load
599,Panasonic,8,,Fully Automatic,2 Year,1400,"₹31,490",1,Front Load
600,IFB,9,5,Fully Automatic,4 Year,1400,"₹38,490",4.3,
601,IFB,6,5,Fully Automatic,4 Year,1000,"₹24,990",4.3,
602,Samsung,12,,Fully Automatic,2 Year,1400,"₹56,999",4.4,Front Load
603,LG,7,5,Semi Automatic,2 Year,1300,"₹12,170",4.3,Top Load
604,ONIDA,7.5,5,Fully Automatic,2 Year,700,"₹15,990",4.3,Top Load
605,BOSCH,,,Fully Automatic,2 Year,1400,"₹34,390",4.3,Front Load
606,IFB,7,5,Fully Automatic,4 Year,1200,"₹29,990",4.3,
607,IFB,7,5,Fully Automatic,4 Year,1200,"₹28,278",3.6,
608,Lloyd,9,,Semi Automatic,2 year,1300,"₹13,803",2.4,Top Load
609,IFB,5.5,,Fully Automatic,4 Year,55,"₹20,999",4.3,Front Load
610,IFB,6.5,5,Fully Automatic,4 Year,1000,"₹26,195",4.3,
611,Haier,11,,Fully Automatic,3 year,1400,"₹59,990",4.3,
612,Intex,7.5,,Fully Automatic,2 Year,1300,"₹13,499",3.9,
613,IFB,12,,Fully Automatic,4 Year,720,"₹33,490",4.5,Top Load
614,Godrej,9,,Semi Automatic,2 Year,1440,"₹14,613",2.8,Top Load
615,IFB,7,,Fully Automatic,4 Year,720,"₹18,480",4,Top Load
616,Midea,9,5,Semi Automatic,2 Year,1300,"₹11,490",3.7,Top Load
617,Whirlpool,9,,Semi Automatic,2 Year,1400,"₹12,350",4.2,Top Load
618,Whirlpool,7.5,,Fully Automatic,2 Year,740,"₹18,999",4.4,Top Load
619,Hafele,7,,Fully Automatic,3 Year,1200,"₹22,999",4.2,Front Load
620,Samsung,9,,Semi Automatic,2 year,1300,"₹18,730",4.3,Top Load
621,Godrej,8,,Semi Automatic,2 Year,1440,"₹11,999",4.1,Top Load
622,Samsung,8,,Semi Automatic,2 Year,1300,"₹13,499",4.3,Top Load
623,Godrej,7,,Fully Automatic,2 Year,700,"₹15,900",4,Top Load
624,Siemens,7,,Fully Automatic,3 year,1200,"₹33,390",4.2,Front Load
625,Godrej,7.5,,Semi Automatic,2 Year,1440,"₹11,599",4.3,Top Load
626,IFB,9,5,Fully Automatic,4 Year,1400,"₹38,490",4.3,
627,IFB,6,5,Fully Automatic,4 Year,1000,"₹24,990",4.5,
628,Godrej,8,,Semi Automatic,2 Year,1440,"₹13,490",4,Top Load
629,White,12,,Semi Automatic,2 Year,1600,"₹12,490",4.3,Top Load
630,IFB,7,5,Fully Automatic,4 Year,1200,"₹29,990",4.3,
631,IFB,7,5,Fully Automatic,4 Year,1200,"₹28,278",4.3,
632,IFB,8,5,Fully Automatic,4 Year,1400,"₹47,490",4.3,Front Load
633,IFB,6.5,5,Fully Automatic,4 Year,720,"₹16,890",4.4,Top Load
634,Whirlpool,8,5,Semi Automatic,2 Year,1400,"₹11,760",4.2,Top Load
635,LG,8,5,Fully Automatic,2 Year,800,"₹13,740",4.3,
636,IFB,6.5,5,Fully Automatic,4 Year,1000,"₹26,195",4.3,
637,Haier,11,,Fully Automatic,3 year,1400,"₹59,990",4,
638,Whirlpool,9,,Fully Automatic,1 Year,1150,"₹30,490",4.3,Front Load
639,Voltas,6.5,,Fully Automatic,3 year,700,"₹14,700",4.1,Front Load
640,Voltas,6,,Fully Automatic,3 Year,700,"₹18,000",4.1,Top Load
641,Lloyd,9,,Semi Automatic,2 year,1300,"₹14,900",3.2,Top Load
642,IFB,8,,Fully Automatic,4 Year,1400,"₹33,730",4.5,Front Load
643,Acer,7.5,5,Fully Automatic,2 Year,700,"₹15,999",4,
644,ONIDA,7.5,5,Semi Automatic,2 Year,1300,"₹13,490",3,Top Load
645,IFB,8,,Fully Automatic,4 Year,720,"₹24,280",1,Top Load
646,Whirlpool,7,,Fully Automatic,2 Year,740,"₹15,275",4.3,Top Load
647,LG,8.5,,Semi Automatic,2 Year,1300,"₹14,690",5,
648,Haier,8.5,,Semi Automatic,2 year,1300,"₹12,942",4.3,Top Load
649,IFB,8,,Fully Automatic,4 Year,1400,"₹33,730",4.3,Front Load
650,IFB,9,5,Fully Automatic,4 Year,1400,"₹38,490",4.3,
651,IFB,6,5,Fully Automatic,4 Year,1000,"₹24,990",4.1,
652,ONIDA,7.5,5,Semi Automatic,2 Year,1300,"₹13,490",3.2,Top Load
653,IFB,8,,Fully Automatic,4 Year,720,"₹24,280",4.5,Top Load
654,Whirlpool,7,,Fully Automatic,2 Year,740,"₹15,275",4.3,Top Load
655,LG,8.5,,Semi Automatic,2 Year,1300,"₹14,690",4.3,
656,IFB,7,5,Fully Automatic,4 Year,1200,"₹29,990",4.4,
657,IFB,7,5,Fully Automatic,4 Year,1200,"₹28,278",3.9,
658,Panasonic,10,,Fully Automatic,2 Year,720,"₹26,790",4.3,Top Load
659,Godrej,6,5,Fully Automatic,2 Year,1000,"₹24,999",4.3,Front Load
660,IFB,6.5,5,Fully Automatic,4 Year,1000,"₹26,195",4.5,
661,Haier,11,,Fully Automatic,3 year,1400,"₹59,990",4.1,
662,LG,8,,Fully Automatic,2 Year,1400,"₹39,990",4.4,Front Load
663,IFB,10,,Fully Automatic,4 Year,1400,"₹44,490",4.4,Front Load
664,Whirlpool,7.5,5,Fully Automatic,3 Year,740,"₹23,799",4.3,Top Load
665,IFB,6.5,5,Fully Automatic,4 Year,1000,"₹29,750",4.4,Front Load
666,Samsung,8.5,5,Semi Automatic,2 year,1350,"₹18,080",4.3,Top Load
667,Samsung,9,,Fully Automatic,2 year,700,"₹24,000",4.6,Top Load
668,Samsung,8.5,,Semi Automatic,2 Year,1300,"₹14,400",3.5,Top Load
669,Thomson,10,,Semi Automatic,2 Year,1400,"₹12,490",4.6,Top Load
670,LG,7,,Fully Automatic,2 Year,1200,"₹35,890",5,Front Load
671,Admiral,8,,Fully Automatic,3 Year,700,"₹18,399",4,Top Load
672,Haier,7,,Fully Automatic,2 Year,800,"₹15,990",4.3,Top Load
673,LG,7,,Fully Automatic,2 Year,1200,"₹38,990",4.6,Front Load
674,Panasonic,8.5,,Fully Automatic,2 Year,720,"₹26,140",4.3,Top Load
675,Voltas,7,,Fully Automatic,2 Year,680,"₹13,490",4.3,Top Load
676,IFB,9,5,Fully Automatic,4 Year,1400,"₹38,490",4.3,
677,IFB,6,5,Fully Automatic,4 Year,1000,"₹24,990",4,
678,Power,8.5,,Fully Automatic,2 year,1350,"₹6,099",4.3,
679,Voltas,6.5,,Fully Automatic,3 Year,1000,"₹36,699",4.3,Front Load
680,IFB,7,5,Fully Automatic,4 Year,1200,"₹29,990",4.3,
681,IFB,7,5,Fully Automatic,4 Year,1200,"₹28,278",4.2,
682,Lloyd,6.5,,Semi Automatic,2 Year,1400,"₹11,999",4.6,Top Load
683,Godrej,7.5,,Semi Automatic,2 Year,1400,"₹12,365",4.1,Top Load
684,IFB,9,,Fully Automatic,4 Year,1400,"₹42,390",4.3,Front Load
685,MOTOROLA,7,5,Fully Automatic,2 Year,1400,"₹25,190",4.3,Front Load
686,IFB,6.5,5,Fully Automatic,4 Year,1000,"₹26,195",4.6,
687,Haier,11,,Fully Automatic,3 year,1400,"₹59,990",4,
688,BOSCH,7,,Fully Automatic,2 Year,1000,"₹30,849",4.2,Front Load
689,Haier,7,,Semi Automatic,2 Year,1300,"₹11,849",3.8,Top Load
690,LG,9.5,,Semi Automatic,2 Year,1350,"₹21,999",4.9,Top Load
691,Godrej,7,5,Fully Automatic,2 Year,720,"₹13,790",4,Top Load
692,BOSCH,9,,Fully Automatic,3 Year,1400,"₹40,820",5,Front Load
693,Siemens,6,,Fully Automatic,2 Year,1400,"₹97,990",5,
694,Siemens,8,,Fully Automatic,2 Year,1400,"₹43,990",4.1,Front Load
695,Haier,10.5,,Fully Automatic,2 Year,780,"₹24,504",5,Top Load
696,IFB,6,5,Fully Automatic,4 Year,1000,"₹24,990",4.3,
697,IFB,9,5,Fully Automatic,4 Year,1400,"₹38,490",4.3,
698,LG,7,,Fully Automatic,2 Year,1200,"₹37,490",4.6,Front Load
699,Haier,7,,Fully Automatic,1 Year,800,"₹18,870",4.3,Top Load
700,IFB,7,5,Fully Automatic,4 Year,1200,"₹28,278",4.3,
701,IFB,6.5,5,Fully Automatic,4 Year,1000,"₹26,195",4.3,
702,LG,6,,Semi Automatic,2 Year,1300,"₹12,850",4.5,Top Load
703,Haier,8.5,,Semi Automatic,2 Year,1300,"₹15,499",4.6,Top Load
704,Samsung,7,,Fully Automatic,3 Year,700,"₹25,990",4.5,Top Load
705,Voltas,7.5,,Semi Automatic,2 year,1350,"₹10,290",3.5,Top Load
706,IFB,7,5,Fully Automatic,4 Year,1200,"₹29,990",4.3,
707,Haier,11,,Fully Automatic,3 year,1400,"₹59,990",4.3,
708,Lloyd,7,,Fully Automatic,2 Year,700,"₹17,000",4.3,Top Load
709,Voltas,8,,Semi Automatic,2 Year,1300,"₹14,010",4.3,Top Load
710,IFB,6.5,5,Fully Automatic,4 Year,1000,"₹27,979",4.1,
711,Lloyd,12,,Semi Automatic,2 Year,1400,"₹17,400",4.2,Top Load
712,IFB,10,,Fully Automatic,4 Year,1400,"₹44,490",4.8,Front Load
713,Admiral,8.5,,Semi Automatic,3 Year,1350,"₹12,649",4.3,Top Load
714,Samsung,7,,Semi Automatic,1 Year,700,"₹12,627",4.3,Top Load
715,Godrej,6.5,5,Fully Automatic,2 Year,720,"₹15,499",4.3,Top Load
716,Kelvinator,8.5,,Semi Automatic,1 Year,1300,"₹12,010",4,Top Load
717,Haier,10.5,,Fully Automatic,5 Year,1400,"₹59,900",4.2,
718,Godrej,8,,Semi Automatic,2 Year,1440,"₹12,949",5,
719,BOSCH,7,,Fully Automatic,2 Year,680,"₹21,890",2,Top Load
720,IFB,9,5,Fully Automatic,4 Year,1400,"₹38,490",4.3,
721,IFB,6,5,Fully Automatic,4 Year,1000,"₹24,990",4.3,
722,BOSCH,7,,Fully Automatic,2 Year,680,"₹21,890",4,Top Load
723,Intex,7.5,,Fully Automatic,2 Year,700,"₹11,990",4.2,Top Load
724,Lloyd,12,,Semi Automatic,1 Year,1300,"₹17,400",4.1,Top Load
725,Haier,8,,Fully Automatic,3 Year,1200,"₹24,850",4.3,Top Load
726,IFB,7,5,Fully Automatic,4 Year,1200,"₹29,990",4.3,
727,IFB,7,5,Fully Automatic,4 Year,1200,"₹28,278",4.3,
728,Samsung,11,,Fully Automatic,2 Year,1400,"₹48,370",4.3,Front Load
729,IFB,6.5,,Fully Automatic,4 Year,1000,"₹24,990",4.3,Front Load
730,IFB,6.5,5,Fully Automatic,4 Year,1000,"₹26,195",4.3,
731,Haier,11,,Fully Automatic,3 year,1400,"₹59,990",4.1,
732,Godrej,7,,Semi Automatic,2 Year,1440,"₹9,880",4.2,Top Load
733,Godrej,7,,Fully Automatic,1 Year,700,"₹14,690",4.6,Top Load
734,Voltas,7,,Semi Automatic,1 Year,1350,"₹8,790",4.3,Top Load
735,Lloyd,8,,Semi Automatic,2 Year,750,"₹13,658",4.4,Top Load
736,Whirlpool,7.5,5,Fully Automatic,3 Year,740,"₹22,890",3.9,Top Load
737,IFB,8,5,Fully Automatic,4 Year,1400,"₹37,990",4.3,Front Load
738,Samsung,8.5,,Semi Automatic,2 year,1300,"₹15,998",3.7,Top Load
739,Panasonic,7.5,,Fully Automatic,2 Year,720,"₹16,129",3.7,Top Load
740,Panasonic,6.7,,Fully Automatic,2 Year,702,"₹16,990",4.5,Top Load
741,Thomson,8,5,Semi Automatic,2 Year,1400,"₹9,499",4.2,Top Load
742,BLACK+DECKER,8,,Fully Automatic,2 Year,1400,"₹24,567",4,Front Load
743,Samsung,7,,Fully Automatic,2 year,700,"₹22,425",5,Top Load
744,Haier,7,,Semi Automatic,1 Year,740,"₹11,994",4.4,Top Load
745,IFB,6.5,,Fully Automatic,4 Year,720,"₹19,490",4.2,Top Load
746,IFB,9,5,Fully Automatic,4 Year,1400,"₹38,490",4.3,
747,IFB,6,5,Fully Automatic,4 Year,1000,"₹24,990",4.3,
748,IFB,8.5,,Fully Automatic,4 year,1400,"₹59,999",4.3,Front Load
749,Samsung,7,,Fully Automatic,2 year,700,"₹23,996",4.3,Top Load
750,IFB,7,5,Fully Automatic,4 Year,1200,"₹29,990",4.3,
751,IFB,7,5,Fully Automatic,4 Year,1200,"₹28,278",4.2,
752,Samsung,7,,Fully Automatic,2 Year,680,"₹18,000",4.4,Top Load
753,Samsung,7.5,,Semi Automatic,2 year,1300,"₹12,500",4.3,Top Load
754,Panasonic,7,,Fully Automatic,2 Year,720,"₹28,490",4.3,Top Load
755,Haier,8,,Fully Automatic,5 Year,0,"₹21,640",4.4,Top Load
756,IFB,6.5,5,Fully Automatic,4 Year,1000,"₹26,195",4.4,
757,Haier,11,,Fully Automatic,3 year,1400,"₹59,990",4.3,
758,Samsung,8,5,Semi Automatic,2 year,1350,"₹15,030",4.1,Top Load
759,Samsung,9,,Fully Automatic,2 year,700,"₹26,850",4.4,Top Load
760,Samsung,8.5,,Semi Automatic,2 year,1300,"₹14,699",4.3,Top Load
761,Summercool,7.5,,Semi Automatic,5 Year,1300,"₹8,629",4.4,Top Load
762,Samsung,10,5,Fully Automatic,2 year,700,"₹27,407",4.4,Top Load
763,Haier,8,,Semi Automatic,2 Year,1300,"₹12,999",5,Top Load
764,Voltas,6.5,,Fully Automatic,2 Year,700,"₹13,990",5,Top Load
765,Panasonic,12,,Semi Automatic,,750,"₹19,690",4.2,Top Load
766,Godrej,6,,Fully Automatic,2 Year,720,"₹15,594",5,Top Load
767,Siemens,7,,Fully Automatic,2 Year,1000,"₹30,990",2,Front Load
768,Samsung,7,,Fully Automatic,2 Year,700,"₹20,461",4.2,Top Load
769,White,10.5,,Fully Automatic,2 Year,1200,"₹27,499",3.8,Front Load
770,IFB,9,5,Fully Automatic,4 Year,1400,"₹38,490",4.3,
771,IFB,6,5,Fully Automatic,4 Year,1000,"₹24,990",4.3,
772,Panasonic,7,,Fully Automatic,2 Year,702,"₹33,599",4.3,Top Load
773,Voltas,7.5,,Fully Automatic,1 Year,780,"₹6,017",4.1,
774,Haier,7,,Fully Automatic,2 year,800,"₹16,899",3,Top Load
775,Samsung,7,,Semi Automatic,2 year,1300,"₹11,990",4.4,Top Load
776,IFB,7,5,Fully Automatic,4 Year,1200,"₹29,990",4.3,
777,IFB,7,5,Fully Automatic,4 Year,1200,"₹28,278",4.3,
778,IFB,7,,Fully Automatic,4 Year,1000,"₹31,590",4.2,Front Load
779,Panasonic,8,,Fully Automatic,,702,"₹30,783",4.3,Top Load
780,IFB,6.5,5,Fully Automatic,4 Year,1000,"₹26,195",4.3,
781,Haier,11,,Fully Automatic,3 year,1400,"₹59,990",4.3,
782,IFB,7,,Fully Automatic,4 Year,1000,"₹34,000",3.9,Front Load
783,Voltas,8.5,,Semi Automatic,1 Year,1400,"₹12,280",4.1,Top Load
784,BLACK+DECKER,6,,Fully Automatic,2 Year,1000,"₹19,250",4.1,Front Load
785,Samsung,8,,Fully Automatic,2 year,700,"₹23,997",4,Top Load
786,Godrej,6.5,,Fully Automatic,10 Year,1000,"₹15,590",4.3,Top Load
787,LG,6.5,,Fully Automatic,2 Year,1200,"₹32,990",4.1,Front Load
788,Samsung,9,,Semi Automatic,2 year,1300,"₹18,741",5,Top Load
789,BOSCH,8,,Fully Automatic,1 Year,1400,"₹36,989",3,Front Load
790,Lloyd,6,,Fully Automatic,2 Year,680,"₹18,690",3.8,Top Load
791,Haier,8,,Fully Automatic,2 Year,1300,"₹13,900",5,
792,IFB,9,5,Fully Automatic,4 Year,1400,"₹36,910",4.3,
793,Lloyd,8,,Semi Automatic,2 year,1300,"₹13,994",4.3,Top Load
794,Godrej,8,5,Fully Automatic,2 Year,670,"₹18,990",2.9,
795,Lloyd,8,,Semi Automatic,2 Year,1400,"₹14,949",4.3,Top Load
796,IFB,9,5,Fully Automatic,4 Year,1400,"₹38,490",4.3,
797,IFB,6,5,Fully Automatic,4 Year,1000,"₹24,990",4.2,
798,TOSHIBA,7.5,,Fully Automatic,4 Year,1200,"₹29,990",4.2,Front Load
799,BOSCH,10,,Fully Automatic,2 Year,720,"₹33,900",4.3,Top Load
800,IFB,7,5,Fully Automatic,4 Year,1200,"₹29,990",4.3,
801,IFB,7,5,Fully Automatic,4 Year,1200,"₹28,278",4.3,
802,White,7,,Semi Automatic,2 Year,1400,"₹8,499",4.4,Top Load
803,BOSCH,6,,Fully Automatic,2 Year,1400,"₹65,999",4.3,
804,IFB,6.5,,Fully Automatic,4 Year,720,"₹16,903",4.4,Top Load
805,Panasonic,7,,Fully Automatic,2 Year,1400,"₹29,500",4.3,Front Load
806,IFB,6.5,5,Fully Automatic,4 Year,1000,"₹26,195",4.3,
807,Haier,11,,Fully Automatic,3 year,1400,"₹59,990",5,
808,LG,11,,Fully Automatic,1 Year,1400,"₹50,890",5,Front Load
809,Whirlpool,7.5,,Fully Automatic,2 Year,740,"₹27,570",4.2,Top Load
810,IFB,12,,Fully Automatic,4 Year,720,"₹36,290",5,Top Load
811,Panasonic,7,,Fully Automatic,2 Year,720,"₹19,620",1,Top Load
812,IFB,9,5,Fully Automatic,4 Year,1400,"₹44,480",4.3,
813,IFB,6,5,Fully Automatic,4 Year,1000,"₹28,690",5,Front Load
814,Samsung,9,5,Fully Automatic,2 year,1400,"₹51,990",5,
815,LG,6,,Semi Automatic,2 Year,1300,"₹12,850",4.4,Top Load
816,IFB,9,5,Fully Automatic,4 Year,1400,"₹38,490",4.3,
817,IFB,6,5,Fully Automatic,4 Year,1000,"₹24,990",4.3,
818,LG,7.5,,Fully Automatic,2 Year,700,"₹21,990",4.3,Top Load
819,Lloyd,7.5,,Semi Automatic,2 Year,1300,"₹12,859",4.1,Top Load
820,IFB,7,5,Fully Automatic,4 Year,1200,"₹29,990",4.3,
821,IFB,7,5,Fully Automatic,4 Year,1200,"₹28,278",4.3,
822,LG,7,,Semi Automatic,2 Year,1350,"₹12,084",4.5,Top Load
823,Kelvinator,7.5,,Semi Automatic,1 Year,1450,"₹10,146",3.9,Top Load
824,BOSCH,9,5,Fully Automatic,2 Year,680,"₹32,441",4.3,Top Load
825,IFB,9,,Fully Automatic,4 Year,1400,"₹43,399",4.3,Top Load
826,IFB,6.5,5,Fully Automatic,4 Year,1000,"₹26,195",4.3,
827,Haier,11,,Fully Automatic,3 year,1400,"₹59,990",4.3,
828,IFB,8.5,,Fully Automatic,4 Year,1400,"₹44,450",4.3,
829,Samsung,6,5,Fully Automatic,2 year,1400,"₹58,973",4,
830,Voltas,6.5,5,Fully Automatic,2 Year,1200,"₹23,179",4.4,Front Load
831,IFB,6.5,,Fully Automatic,4 Year,1000,"₹29,950",4.5,Front Load
832,LG,7,,Semi Automatic,,1350,"₹11,400",4.3,Top Load
833,Acer,8,,Fully Automatic,2 Year,700,"₹15,999",4.1,Top Load
834,BOSCH,9,,Fully Automatic,2 Year,680,"₹32,441",4.2,Top Load
835,Samsung,11,,Fully Automatic,2 year,700,"₹37,990",4.3,Top Load
836,Haier,8,,Fully Automatic,2 Year,800,"₹17,874",5,
837,Reliance,8,,Fully Automatic,1 Year,1350,"₹5,990",5,
838,IFB,7,,Fully Automatic,4 Year,1200,"₹29,940",4.3,Front Load
839,Voltas,8.5,,Semi Automatic,2 Year,1300,"₹12,180",5,Top Load
840,IFB,9,5,Fully Automatic,4 Year,1400,"₹38,490",4.3,
841,IFB,6,5,Fully Automatic,4 Year,1000,"₹24,990",4.3,
842,Haier,7,,Fully Automatic,1 Year,650,"₹19,315",3,Top Load
843,IFB,7,,Fully Automatic,4 Year,1000,"₹35,935",4.3,Front Load
844,Samsung,9,,Fully Automatic,2 Year,1400,"₹37,139",4.3,Front Load
845,LG,11,,Fully Automatic,2 Year,1400,"₹49,990",4.5,Front Load
846,IFB,7,5,Fully Automatic,4 Year,1200,"₹29,990",4.3,
847,IFB,7,5,Fully Automatic,4 Year,1200,"₹28,278",4.3,
848,Panasonic,10.5,,Fully Automatic,,800,"₹27,010",4.2,Top Load
849,Panasonic,13.5,,Fully Automatic,,850,"₹45,895",3.2,Top Load
850,IFB,6.5,5,Fully Automatic,4 Year,1000,"₹26,195",4.1,
851,Haier,11,,Fully Automatic,3 year,1400,"₹59,990",3.9,
852,Admiral,7.5,,Semi Automatic,3 Year,1350,"₹10,949",4.3,Top Load
853,Godrej,8,,Fully Automatic,2 Year,1400,"₹28,990",4.3,Front Load
854,Samsung,,,Semi Automatic,2 year,1300,"₹14,281",4.4,Top Load
855,Voltas,8,,Fully Automatic,3 Year,720,"₹15,590",4.2,Top Load
856,Samsung,,,Semi Automatic,2 year,1300,"₹15,394",4.7,Top Load
857,Samsung,8,,Fully Automatic,2 Year,1400,"₹35,719",3.3,Front Load
858,Godrej,6.5,,Fully Automatic,2 Year,700,"₹19,990",4.3,Top Load
859,IFB,6.5,,Fully Automatic,4 Year,1000,"₹31,990",5,Front Load
860,Godrej,7.5,,Fully Automatic,2 Year,670,"₹17,390",5,Top Load
861,IFB,7,,Fully Automatic,4 Year,1000,"₹34,499",4.3,Front Load
862,Voltas,8,,Fully Automatic,3 Year,1400,"₹35,779",4,Front Load
863,LG,8,,Semi Automatic,2 Year,1300,"₹14,990",5,Top Load
864,BLACK+DECKER,7,,Fully Automatic,2 Year,700,"₹17,999",3.9,Top Load
865,Panasonic,10,,Semi Automatic,,750,"₹18,390",4.3,Top Load
866,IFB,9,5,Fully Automatic,4 Year,1400,"₹38,490",4.3,
867,IFB,6,5,Fully Automatic,4 Year,1000,"₹24,990",4.4,
868,BOSCH,7,,Fully Automatic,3 Year,1200,"₹37,711",4.4,Front Load
869,Lloyd,8.5,,Fully Automatic,3 Year,710,"₹25,539",4.3,Top Load
870,IFB,7,5,Fully Automatic,4 Year,1200,"₹29,990",4.3,
871,IFB,7,5,Fully Automatic,4 Year,1200,"₹28,278",3.9,
872,Khaitan,10.2,,Semi Automatic,2 Year,1300,"₹17,958",4.3,Top Load
873,Godrej,7,,Fully Automatic,2 Year,1400,"₹27,999",4.3,Front Load
874,Godrej,7.5,5,Fully Automatic,3 Year,670,"₹18,690",4.4,
875,Haier,8,,Fully Automatic,10 year,800,"₹19,390",3.6,Top Load
876,IFB,6.5,5,Fully Automatic,4 Year,1000,"₹26,195",4.7,
877,Haier,11,,Fully Automatic,3 year,1400,"₹59,990",2.5,
878,Samsung,11.5,,Semi Automatic,2 Year,1300,"₹22,490",4.6,Top Load
879,LG,10,,Fully Automatic,2 Year,1400,"₹45,990",4.4,Front Load
880,Acer,7,,Fully Automatic,2 Year,700,"₹14,790",5,Top Load
881,Samsung,9,,Fully Automatic,2 Year,1400,"₹40,490",5,Front Load
882,IFB,10,,Fully Automatic,10 year,1400,"₹43,900",4.3,Front Load
883,TOSHIBA,8,,Fully Automatic,4 Year,1400,"₹43,490",5,Front Load
884,Voltas,8.5,,Semi Automatic,2 Year,1300,"₹12,510",5,Top Load
885,Voltas,6,,Fully Automatic,2 Year,700,"₹13,440",4.4,Top Load
886,IFB,8,,Fully Automatic,4 Year,720,"₹22,590",4,Top Load
887,Samsung,8,,Fully Automatic,2 year,700,"₹32,225",4,Top Load
888,White,10.5,,Semi Automatic,2 Year,1600,"₹10,990",4,Top Load
889,Summercool,7,,Semi Automatic,2 Year,1300,"₹8,399",4.3,Top Load
890,IFB,9,5,Fully Automatic,4 Year,1400,"₹38,490",4.3,
891,IFB,6,5,Fully Automatic,4 Year,1000,"₹24,990",3.9,
892,Intex,6,,Fully Automatic,2 Year,1000,"₹22,390",4.3,Front Load
893,LG,7,,Fully Automatic,,1200,"₹36,990",3.8,Front Load
894,BOSCH,8,,Fully Automatic,2 Year,1200,"₹35,899",4.3,Front Load
895,Lloyd,9,,Semi Automatic,2 year,1300,"₹17,489",4.3,Top Load
896,IFB,7,5,Fully Automatic,4 Year,1200,"₹29,990",4.2,
897,IFB,7,5,Fully Automatic,4 Year,1200,"₹28,278",4.3,
898,BOSCH,7.5,,Fully Automatic,2 Year,680,"₹25,889",4.3,Top Load
899,BOSCH,10,,Fully Automatic,2 Year,1400,"₹50,999",5,Front Load
900,IFB,6.5,5,Fully Automatic,4 Year,1000,"₹26,195",4.4,
901,Haier,11,,Fully Automatic,3 year,1400,"₹59,990",4.3,
902,Voltas,7,,Semi Automatic,1 Year,1350,"₹9,150",4.3,Top Load
903,Haier,7.5,,Fully Automatic,5 Year,630,"₹26,990",5,Top Load
904,BOSCH,10,,Fully Automatic,3 year,1400,"₹49,999",5,Front Load
905,LG,8,,Fully Automatic,2 Year,700,"₹21,990",3.8,Top Load
906,BOSCH,6,,Fully Automatic,2 Year,1400,"₹72,998",5,
907,IFB,6.5,5,Fully Automatic,4 Year,1000,"₹33,000",5,
908,Acer,10,,Fully Automatic,2 Year,700,"₹21,999",4.3,Top Load
909,Acer,8,,Fully Automatic,1 Year,700,"₹14,999",4,Top Load
910,IFB,8,,Fully Automatic,4 year,720,"₹23,500",5,Top Load
911,BOSCH,10,,Fully Automatic,3 Year,1200,"₹42,800",4.3,Front Load
912,Lloyd,8,,Semi Automatic,2 Year,1300,"₹13,776",4.6,Top Load
913,BOSCH,8,,Fully Automatic,2 Year,1200,"₹37,999",3.3,Front Load
914,Lloyd,7,,Fully Automatic,2 Year,680,"₹21,000",4.3,Top Load
915,IFB,8.5,,Fully Automatic,4 Year,1400,"₹44,450",4.3,
916,IFB,9,5,Fully Automatic,4 Year,1400,"₹38,490",4.3,
917,IFB,6,5,Fully Automatic,4 Year,1000,"₹24,990",4,
918,BOSCH,6,,Fully Automatic,2 Year,1400,"₹64,490",4,
919,LG,7.5,,Fully Automatic,2 Year,700,"₹30,990",4.3,Top Load
920,IFB,7,5,Fully Automatic,4 Year,1200,"₹29,990",4.3,
921,IFB,7,5,Fully Automatic,4 Year,1200,"₹28,278",4.4,
922,Godrej,7,,Fully Automatic,2 Year,1200,"₹29,999",4.2,Front Load
923,Samsung,7,,Fully Automatic,2 Year,700,"₹18,499",4.3,Top Load
924,Acer,8,,Fully Automatic,2 Year,700,"₹15,999",4.3,Top Load
925,LG,6.5,,Fully Automatic,2 Year,700,"₹21,524",4.3,Top Load
926,IFB,6.5,5,Fully Automatic,4 Year,1000,"₹26,195",4.2,
927,Haier,11,,Fully Automatic,3 year,1400,"₹59,990",4.2,
928,Equator,10,,Fully Automatic,2 Year,1400,"₹32,000",4,Front Load
929,IFB,8,,Fully Automatic,4 Year,720,"₹28,780",4.3,Top Load
930,Godrej,7,,Fully Automatic,2 Year,665,"₹21,451",4.3,Top Load
931,ONIDA,8,5,Fully Automatic,2 Year,700,"₹16,290",5,Top Load
932,BOSCH,6,,Fully Automatic,2 Year,1000,"₹29,636",3,Front Load
933,Panasonic,6.5,,Fully Automatic,,700,"₹19,030",4.3,Top Load
934,Acer,9,,Fully Automatic,2 Year,700,"₹18,450",5,Top Load
935,Voltas,7,,Semi Automatic,2 Year,1300,"₹14,999",5,
936,IFB,9,5,Fully Automatic,4 Year,1400,"₹38,490",4.3,
937,IFB,6,5,Fully Automatic,4 Year,1000,"₹24,990",4.3,
938,Haier,8,,Fully Automatic,1 Year,1200,"₹32,490",4.3,Front Load
939,Haier,9,,Fully Automatic,1 Year,1400,"₹36,999",4.3,Front Load
940,IFB,7,5,Fully Automatic,4 Year,1200,"₹29,990",4.3,
941,IFB,7,5,Fully Automatic,4 Year,1200,"₹28,278",4.3,
942,Haier,8,,Fully Automatic,2 Year,1200,"₹33,200",4.2,Front Load
943,IFB,5.5,,Fully Automatic,10 year,55,"₹20,999",3.8,
944,Panasonic,8,,Fully Automatic,2 Year,720,"₹20,999",2.5,Top Load
945,Samsung,13,,Fully Automatic,2 Year,700,"₹45,379",4,Top Load
946,IFB,6.5,5,Fully Automatic,4 Year,1000,"₹26,195",3.9,
947,Haier,11,,Fully Automatic,3 year,1400,"₹59,990",4.3,
948,MarQ,7,,Fully Automatic,2 Year,1400,"₹24,190",4.3,Front Load
949,IFB,6.5,,Fully Automatic,10 year,1400,"₹56,000",5,
950,Samsung,,,Fully Automatic,3 Year,1400,"₹74,990",5,
951,Samsung,10,,Fully Automatic,2 year,700,"₹32,990",3.9,Top Load
952,Samsung,6,,Fully Automatic,10 year,1400,"₹65,999",5,
953,BOSCH,9,,Fully Automatic,2 Year,1400,"₹45,800",1,Front Load
954,Lloyd,7.5,,Fully Automatic,1 year,600,"₹17,999",4.3,Top Load
955,Lloyd,8,,Semi Automatic,2 year,1320,"₹13,888",4,Top Load
956,Haier,9,,Fully Automatic,1 year,1400,"₹40,261",5,Front Load
957,LG,7,,Fully Automatic,2 Year,1200,"₹37,990",4.2,Front Load
958,White,9,,Semi Automatic,2 Year,1400,"₹10,999",5,Top Load
959,Voltas,8.5,,Semi Automatic,2 Year,1300,"₹12,489",1,Top Load
